{
    "kind": "multiclass_logistic_regression",
    "input_type": "prompt_and_embedding_characteristics",
    "num_inputs": 4,
    "weights": [
        [
            0.0005959639854609973,
            -0.007139921365374134,
            -1.5014298981501297,
            0.3482011584637595
        ],
        [
            0.00014579539650085092,
            0.021980778510003386,
            -0.11786086027104442,
            0.5748291869086021
        ],
        [
            -0.0004981707545585893,
            -0.015053223894738387,
            1.089976967418165,
            -1.2947699924560196
        ],
        [
            -0.0002435886326755114,
            0.0002123667505063445,
            0.5293137899124456,
            0.37173964637646445
        ]
    ],
    "intercept": [
        -0.3259508984579913,
        -1.189021632854404,
        1.7811144651035171,
        -0.2661419361177452
    ],
    "buckets": [
        {
            "class": 0,
            "rewards": [
                0.8535031847133758,
                0.8471337579617835,
                0.8598726114649682
            ],
            "costs": [
                2.2780217889908253e-05,
                6.14476758409786e-05,
                0.0015430496941896024
            ]
        },
        {
            "class": 1,
            "rewards": [
                0.7777777777777778,
                0.8703703703703703,
                0.9444444444444444
            ],
            "costs": [
                2.2780217889908253e-05,
                6.14476758409786e-05,
                0.0015430496941896024
            ]
        },
        {
            "class": 2,
            "rewards": [
                0.7761194029850746,
                0.8955223880597015,
                0.8955223880597015
            ],
            "costs": [
                2.2780217889908253e-05,
                6.14476758409786e-05,
                0.0015430496941896024
            ]
        },
        {
            "class": 3,
            "rewards": [
                0.7346938775510204,
                0.7551020408163265,
                0.8163265306122449
            ],
            "costs": [
                2.2780217889908253e-05,
                6.14476758409786e-05,
                0.0015430496941896024
            ]
        }
    ]
}