{
    "preclassifier": {
        "kind": "binary_logistic_regression",
        "input_type": "fft_features",
        "num_inputs": 4,
        "weights": [
            0.0005502843256154064,
            -0.016301589108200586,
            -1.6347797898463767,
            0.19798708041199642
        ],
        "intercept": 0.16677997035866088
    },
    "buckets": [
        {
            "class": 0,
            "rewards": [
                0.751937984496124,
                0.8372093023255814,
                0.8682170542635659
            ],
            "costs": [
                2.2780217889908253e-05,
                6.14476758409786e-05,
                0.0015430496941896024
            ]
        },
        {
            "class": 1,
            "rewards": [
                0.8434343434343434,
                0.8535353535353535,
                0.8787878787878788
            ],
            "costs": [
                2.2780217889908253e-05,
                6.14476758409786e-05,
                0.0015430496941896024
            ]
        }
    ]
}