{
    "preclassifier": {
        "kind": "binary_logistic_regression",
        "input_type": "fft_features",
        "num_inputs": 4,
        "weights": [
            0.0006348079236403914,
            -0.006629208376765955,
            -1.7261865510112069,
            0.4138865778691418
        ],
        "intercept": -0.337562800275946
    },
    "buckets": [
        {
            "class": 0,
            "rewards": [
                0.7615384615384615,
                0.823076923076923,
                0.8769230769230769
            ],
            "costs": [
                2.2780217889908253e-05,
                6.14476758409786e-05,
                0.0015430496941896024
            ]
        },
        {
            "class": 1,
            "rewards": [
                0.8375634517766497,
                0.8629441624365483,
                0.8730964467005076
            ],
            "costs": [
                2.2780217889908253e-05,
                6.14476758409786e-05,
                0.0015430496941896024
            ]
        }
    ]
}