{
    "preclassifier": {
        "kind": "binary_logistic_regression",
        "input_type": "fft_features",
        "num_inputs": 4,
        "weights": [
            0.00025159908071647753,
            -0.03008583333125249,
            -1.1276597315206847,
            0.09603951375051906
        ],
        "intercept": 0.7899107826875985
    },
    "buckets": [
        {
            "class": 0,
            "rewards": [
                0.7235772357723578,
                0.8292682926829268,
                0.8699186991869918
            ],
            "costs": [
                2.2780217889908253e-05,
                6.14476758409786e-05,
                0.0015430496941896024
            ]
        },
        {
            "class": 1,
            "rewards": [
                0.8578431372549019,
                0.8578431372549019,
                0.8774509803921569
            ],
            "costs": [
                2.2780217889908253e-05,
                6.14476758409786e-05,
                0.0015430496941896024
            ]
        }
    ]
}