{
    "preclassifier": {
        "kind": "binary_logistic_regression",
        "input_type": "fft_features",
        "num_inputs": 4,
        "weights": [
            0.00022828997921616156,
            0.0070985950644901555,
            -1.2552511226476992,
            0.5517244296720952
        ],
        "intercept": -0.2696255640014401
    },
    "buckets": [
        {
            "class": 0,
            "rewards": [
                0.751937984496124,
                0.8527131782945736,
                0.875968992248062
            ],
            "costs": [
                2.2780217889908253e-05,
                6.14476758409786e-05,
                0.0015430496941896024
            ]
        },
        {
            "class": 1,
            "rewards": [
                0.8434343434343434,
                0.8434343434343434,
                0.8737373737373737
            ],
            "costs": [
                2.2780217889908253e-05,
                6.14476758409786e-05,
                0.0015430496941896024
            ]
        }
    ]
}