{
  "buckets": [
    {
      "class": 0,
      "rewards": [
        0.8150862068965518,
        0.9163793103448276
      ],
      "costs": [
        22.070962607981343,
        45.07740502236169
      ]
    },
    {
      "class": 1,
      "rewards": [
        0.7818181818181819,
        0.9151515151515152
      ],
      "costs": [
        22.070962607981343,
        45.07740502236169
      ]
    },
    {
      "class": 2,
      "rewards": [
        0.7890535917901939,
        0.8779931584948689
      ],
      "costs": [
        22.070962607981343,
        45.07740502236169
      ]
    }
  ],
  "preclassifier": {
    "kind": "multiclass_logistic_regression",
    "input_type": "fft_features",
    "num_inputs": 120,
    "weights": [
      [
        -0.0005031235990485889,
        0.0006661210254771721,
        0.0006194503901001421,
        -0.00350070926309628,
        -3.471558825925289e-05,
        -0.00011204496935995316,
        -0.00031331068602032575,
        -0.0005145764026806912,
        -0.0007158421193410608,
        -0.0009171078360014201,
        -0.0003374740967522832,
        -0.0001986592995600203,
        0.0021410641383756367,
        0.000665266696045715,
        0.00047819683574531406,
        0.0009411287502280689,
        0.0006954265567485014,
        0.0004497243632689183,
        0.00020402216978933772,
        -4.1680023690232705e-05,
        0.0003096856150837407,
        -0.002570164955460276,
        -0.0003085737172789314,
        0.0006630130995205018,
        0.001168247411817156,
        -8.021968654993418e-05,
        -0.00012276855481987452,
        -0.0001653174230898174,
        -0.00020786629135975657,
        -0.00025041515962970223,
        -0.0001428032826349404,
        -0.0013083065489202773,
        0.0014351598735080839,
        0.0007044966286666763,
        0.0006186969507095946,
        0.0006492276736754177,
        0.000620168634084432,
        0.0005911095944934522,
        0.0005620505549024529,
        0.0005329915153114695,
        -0.00019465759211192643,
        0.0020331588395937493,
        -0.00029703502014459776,
        -0.00012157424918760168,
        0.00017246882804691752,
        0.00022096488775897758,
        0.0004673200462609189,
        0.0007136752047628639,
        0.0009600303632648149,
        0.0012063855217667719,
        -7.114062247739857e-05,
        0.0016477908728026066,
        0.0010651778660973894,
        0.0009231040376975612,
        9.94761058082472e-05,
        0.0004668232892433552,
        7.692458674253474e-05,
        -0.0003129741157582829,
        -0.0007028728182590885,
        -0.0010927715207599063,
        0.0007336405415126736,
        -0.0019705690032322484,
        -0.0007458549594401877,
        -0.0001585677865288686,
        5.356391126626175e-05,
        -0.0011146334642237968,
        -0.0006966469333766396,
        -0.0002786604025294822,
        0.0001393261283176847,
        0.0005573126591648387,
        -3.7705576974104906e-05,
        -0.002018530486620399,
        -9.884302645764062e-05,
        -0.001493234582428488,
        -0.0012393032409209323,
        -0.000510276531474668,
        -0.0003440353578378005,
        -0.00017779418420093638,
        -1.155301056407615e-05,
        0.00015468816307278061,
        -9.860518519845639e-06,
        0.003071581247767347,
        0.0008679532005414006,
        -4.8520795959768294e-05,
        0.0005370289117883675,
        0.00017064921808203278,
        0.00012083562548174297,
        7.10220328814535e-05,
        2.1208440281165927e-05,
        -2.8605152319118284e-05,
        -0.00013666091139873175,
        -0.001517779800823788,
        0.0017166646367683866,
        -0.0003137395829172822,
        -0.0015427400159742817,
        0.0004544869864367542,
        0.00029512467315106664,
        0.00013576235986536244,
        -2.359995342032791e-05,
        -0.00018296226670602773,
        9.673228543290653e-05,
        -0.0009520025780258432,
        -0.00011279496523612141,
        -0.0005487997435246365,
        -0.0012622679089233113,
        0.0001274161100385427,
        3.5928432940028655e-05,
        -5.555924415848426e-05,
        -0.00014704692125699608,
        -0.0002385345983555042,
        0.0005774072341088057,
        0.002417011155085409,
        -0.000959465242919238,
        -0.0005641361567792694,
        -0.0003687205663429817,
        0.0007287489634151448,
        0.0004428154716143797,
        0.0001568819798135893,
        -0.00012905151198716944,
        -0.0004149850037879305
      ],
      [
        -0.0003422002433868721,
        0.0006045216640150669,
        0.00045796148933110775,
        9.89459074499613e-05,
        -0.0009617180193441599,
        -0.00029825462224978855,
        -7.77811382955159e-06,
        0.00028269839459068886,
        0.0005731749030109209,
        0.0008636514114311731,
        -0.0005619933834282554,
        3.3735608398663495e-05,
        -0.0009954827606913049,
        8.410755366759188e-05,
        0.00030663836558001545,
        -0.0010209354206489171,
        -0.0009707891259936543,
        -0.0009206428313383817,
        -0.0008704965366830973,
        -0.0008203502420278198,
        -0.0001460412174874301,
        0.0034877136005523677,
        0.0014432975694431578,
        0.0006299028116991998,
        -0.0009212899332487196,
        -0.0004927511517517883,
        -0.0004784658665022819,
        -0.0004641805812527838,
        -0.00044989529600329833,
        -0.00043561001075379934,
        -8.219810013935849e-05,
        -0.00034646385915434026,
        -0.003271487424197987,
        -0.0007303208240608772,
        -0.0009612004804088868,
        -0.0003948850753470112,
        -0.00010740732296874311,
        0.000180070429409528,
        0.00046754818178779573,
        0.0007550259341660791,
        0.00038358703139613576,
        -0.002512458170767278,
        -0.0009306567604057684,
        0.0005439211993309369,
        -0.0007663155062678218,
        -0.0001638193793778304,
        -0.00037761041922637287,
        -0.0005914014590749198,
        -0.0008051924989234651,
        -0.001018983538772007,
        0.0005309916015295278,
        -0.0012541584994956812,
        -2.23349683953393e-05,
        -0.0003078744665874302,
        0.0003719966813332757,
        -8.289847063595937e-05,
        0.0004540050616374138,
        0.0009909085939107719,
        0.0015278121261841477,
        0.0020647156584575072,
        0.0008333732978549463,
        0.001948297848428741,
        0.0017538826525114446,
        -0.001103956412864368,
        0.00025745866793545436,
        -0.000935320646993161,
        -0.000601752291188796,
        -0.00026818393538442266,
        6.538442041994599e-05,
        0.00039895277622431816,
        -0.0007749158018358852,
        -0.002830915718451563,
        -0.0025517120146430756,
        -0.0009573207902271508,
        1.7776047389884078e-05,
        -0.0018870508405397666,
        -0.0011488842216300997,
        -0.00041071760272043623,
        0.00032744901618921067,
        0.001065615635098866,
        0.00013118760291573064,
        -0.00047610425331923487,
        0.0016115275042331322,
        0.00017912706258067906,
        0.0004374611646731131,
        -0.002195056619651023,
        -0.0013844349595520163,
        -0.0005738132994530053,
        0.00023680836064600395,
        0.0010474300207449978,
        9.955276538154431e-07,
        0.0004989825751940662,
        0.0030560242909781375,
        0.0007707248610968246,
        -0.0005946915012900255,
        -0.001443667833053764,
        -0.0008930431789556632,
        -0.0003424185248575593,
        0.00020820612924052023,
        0.0007588307833386276,
        -0.0005468495546734916,
        -0.00022129153578562337,
        -0.0009744875520993863,
        -3.274592536813292e-05,
        -0.0008948037396555243,
        -0.0022530346663347136,
        -0.0013925237036647657,
        -0.0005320127409948468,
